"12940960679485116906","2020-04-17T19:25:19","Maru","Chan","09/17/1999","144-31-9871","4","49","10","37","OUT OF RANGE"
"5157388819871502826","2020-04-17T19:29:27","Hugh","Jazz","10/18/1976","935-67-8523","6","56","10","28","OUT OF RANGE"
"12623934987155214826","2020-04-17T19:32:21","Dixie","Normous","06/14/1992","337-85-3536","7","50","8","35","OUT OF RANGE"
"16604483318146339306","2020-04-17T19:33:53","Luke","Atmadic","10/26/1988","214-84-5289","5","51","11","33","OUT OF RANGE"
"1820545035876438506","2020-04-17T19:35:19","Eric","Shen","09/12/1997","145-06-4832","9","55","12","24","OUT OF RANGE"
"5563264921560682986","2020-04-17T19:36:46","Mike","Hockerts","12/19/1986","107-97-2348","6","54","10","30","OUT OF RANGE"
"11595542236775059946","2020-04-17T19:39:06","Gabe","Itchez","08/22/1993","157-90-2461","3","51","15","31","OUT OF RANGE"
"14076974753273614826","2020-04-17T19:40:04","Hugo","First","08/23/1999","062-57-8520","4","52","14","30","OUT OF RANGE"
"4883962689183093226","2020-04-17T19:43:40","Xavier","Breth","06/16/1995","721-19-8261","9","51","8","32","OUT OF RANGE"
"12880413116764328426","2020-04-17T19:46:46","Noam","Sayin","10/11/1994","452-81-8238","7","56","8","29","OUT OF RANGE"
"625559068249297386","2020-04-17T19:49:10","Hue","Janus","11/03/1983","563-42-8973","7","59","9","25","OUT OF RANGE"
"6987905565054079466","2020-04-17T19:51:38","Janet","Alls","08/14/1983","142-54-1935","4","51","11","34","OUT OF RANGE"
"12181655756277682666","2020-04-17T19:53:39","Mike","Hunt","05/13/1982","421-87-9033","3","50","9","38","OUT OF RANGE"
"5046919538009379306","2020-04-17T19:58:02","Mike","Oxbig","04/20/1992","238-75-2837","7","53","14","26","OUT OF RANGE"
"12080346325409796586","2020-04-18T17:57:53","Ben","Dover","09/09/1989","784-54-5682","9","56","11","24","OUT OF RANGE"
"15367019325110030826","2020-04-18T17:59:10","Donn","Aldak","11/22/1999","654-90-1234","11","51","12","26","OUT OF RANGE"
"1230658903012807146","2020-04-18T18:00:50","Ben","Dover","09/09/1989","784-54-5682","5","55","11","29","OUT OF RANGE"
"3719067606041235946","2020-04-18T18:01:48","Ben","Dover","09/09/1989","784-54-5682","7","55","9","29","OUT OF RANGE"
"11123125606940676586","2020-04-18T18:04:41","Donn","Aldak","11/22/1999","654-90-1234","8","52","12","28","OUT OF RANGE"
"17554466492748272106","2020-04-18T18:21:29","Xavier","Breth","06/16/1995","721-19-8261","4","52","9","35","OUT OF RANGE"
"1261585510812553706","2020-04-18T18:22:20","Noam","Sayin","10/11/1994","452-81-8238","2","56","14","28","OUT OF RANGE"
