"202003-1303-3708-c9b05a37-7dfc-4d39-bcb9-9f235384ac4b","2020-03-13T02:37:08","wqfdsaf","Adasdfas","12/34/1234","12-34-1234","5","57","10","28"
"202003-1303-3852-0abe8812-3e39-41df-8d81-9f11e779b43f","2020-03-13T02:38:52","qwefwef","qwefqwef","12/34/1234","123-41-2343","4","50","10","36"
"202003-1304-1413-cde6b465-16e8-4f85-a212-87c0e58d2898","2020-03-13T03:14:13","asfdasdf","asdfasdf","12/34/1234","123-41-2341","11","45","14","30"
"202003-1319-1722-4faffb26-abef-43ef-9b21-747f4763c8ce","2020-03-13T18:17:22","aesfasdfa","sdfasdfas","12/34/1234","123-41-2341","3","43","18","36"
"202003-1321-2435-bf31c2c0-d36d-4c7d-8f1e-bb198b8aa967","2020-03-13T20:24:35","asaser","aseraewr","21/34/1234","123-41-2341","8","47","15","30"
"202003-1321-2652-884e12e1-6408-4e35-babd-2b792cbcb0dd","2020-03-13T20:26:52","qwdfhregbefb","ergbefv","34/56/5656","345-63-4563","7","45","20","28"
"202003-1522-2146-fd8d69ce-5398-476b-81a8-f9de02747691","2020-03-15T21:21:46","asfawef","asdfasfd","45/74/5745","456-74-5674","6","51","18","25"
"202003-2101-1957-e651eab8-fb12-4e77-a6c9-edb8dd2072d2","2020-03-21T00:19:57","qwe","qwe","12/34/123","234-52-3463","6","42","18","34"
"202003-2101-1957-e651eab8-fb12-4e77-a6c9-edb8dd2072d2","2020-03-21T00:19:57","qwe","qwe","12/34/123","234-52-3463","6","42","18","34"
"202003-2101-2403-65fa53f1-db7f-4e87-b830-f6e35001b890","2020-03-21T00:24:03","aaaaa","aaaaaaa","11/21/1111","564-57-5675","4","48","18","30"
"202003-2101-2850-711dcfdc-8236-402a-a1f4-df012d758f82","2020-03-21T00:28:50","asgasdg","asdgasdg","12/33/4123","123-23-1512","7","51","12","30"
"202003-2101-3245-5efd806f-5408-4fe8-945f-86a7e565ffbd","2020-03-21T00:32:45","asfasdfasf","asdfasdfas","45/67/5685","567-85-6785","4","45","18","33"
"202003-2102-0444-3506e824-c47f-4e6b-ae86-9280a953d751","2020-03-21T01:04:44","hhhhhhhh","hhhhhhhhh","88/88/8888","888-88-8888","7","44","13","36"
"202003-2220-3105-7706039d-cad0-4775-9f79-d8076a55a7b6","2020-03-22T19:31:05","NEWWW","ENNNTRRY","12/34/1234","123-41-2341","10","50","11","29"
"202003-2220-3336-b99f6a4b-a223-4ba7-8334-c99fcc84947e","2020-03-22T19:33:36","NEW","ENTYR","23/45/2345","345-23-4523","5","51","12","32"
"202003-2221-0653-0188fa9b-a597-4e7a-bef8-223c1c4aa86f","2020-03-22T20:06:53","asfasdf","asdfasdf","12/34/1234","123-41-2341","5","45","14","36"
"202003-2221-1142-077e64ad-2b31-48e0-8263-f67153815582","2020-03-22T20:11:42","qwefqwef","qwefqwef","21/34/1234","123-41-2341","5","54","11","30"
"202003-2221-1712-98b01542-20f8-4a89-b364-481ad5861c7e","2020-03-22T20:17:12","qqqqqqqqqq","qqqqqqqqqq","12/34/4123","21-34-1234","8","44","12","36"
"202003-2221-2925-c1553eb1-1ec0-4647-a3d6-e874f5dd59a4","2020-03-22T20:29:25","dddddd","ddddd","1/23/4123","412-34-1234","4","53","13","30"
"202003-2221-3958-d4f7c7a2-762b-44d4-a21c-ad8869eef7f3","2020-03-22T20:39:58","asfasdf","asdfasdf","12/34/1234","123-41-2341","6","46","13","35"
"202003-2221-4240-fc1a2a5e-3710-4ff2-91e2-c6a2a0e269b1","2020-03-22T20:42:40","sdafasdfa","sdfasdfasdf","1/23/4123","234-12-3412","3","45","16","36"
"202003-2221-4541-435e892f-0bf6-41cb-9f71-06a4168e310a","2020-03-22T20:45:41","qwerqwer","qwerqwer","1/23/4123","123-41-2341","6","55","18","21"
"202003-2221-4839-bb46a6d4-d137-403a-a079-3fc4aa5f4801","2020-03-22T20:48:39","asdfasdf","asdfasdf","12/34/2341","123-41-2341","3","47","13","37"
"202003-2221-4920-28d7b0b5-4cab-4f5b-9c96-3a0666b138c7","2020-03-22T20:49:20","qwefqwef","qwefqwef","1/23/4123","123-41-2341","3","56","17","24"
"202003-2221-5215-9025c256-da2e-4c1c-b7de-9236926c8caa","2020-03-22T20:52:15","qwerqwe","rqwerqwer","14/23/1234","12-34-1234","7","49","10","34"
"202003-2221-5400-d049e183-9910-4421-9206-8da00a8512e4","2020-03-22T20:54:00","qqqqqqqqq","qqqqqqqqqqqq","23/45/3434","345-63-4563","10","50","14","26"
"202003-2221-5608-b6b6db59-99db-4501-a530-43a393365e6f","2020-03-22T20:56:08","qwef","qwef","21/34/1234","123-41-2342","10","54","13","23"
"202003-2221-5815-0599a5e0-815e-40ec-a456-2d8020d57236","2020-03-22T20:58:15","qwe","qwer","11/23/4123","123-41-2341","6","54","17","23"
"202003-2222-0231-94cdb231-b41a-4ee8-9d8c-6cd6a029d3be","2020-03-22T21:02:31","wearwear","wqeqweqwe","12/35/2351","235-12-3512","5","55","7","33"
"202003-2222-0552-898524e9-c902-45b8-b7b4-527ed77ac3c9","2020-03-22T21:05:52","qwefqwef","qwefqwef","23/41/234","123-41-2341","8","53","5","34"
"202003-2222-1020-8f095734-6934-42f3-b2a9-02acd48d42c2","2020-03-22T21:10:20","asdf","asdf","2/13/123","123-21-3","2","52","17","29"
"202003-2313-0829-eaa04957-d690-4aa2-a026-64e9bd44a9cf","2020-03-23T12:08:29","qqqqqqqqq","qqqqqqqqq","11/11/1999","153-24-6344","7","50","15","28"
